"Length [um]","Measured","Group","BirdID","Species","File"
758.02,"Diameter",1,"ID1","Canary","Canary_ID1_805_Lines.csv"
669.94,"Diameter",1,"ID1","Canary","Canary_ID1_805_Lines.csv"
781.48,"Diameter",2,"ID1","Canary","Canary_ID1_805_Lines.csv"
627.79,"Diameter",2,"ID1","Canary","Canary_ID1_805_Lines.csv"
841.54,"Diameter",3,"ID1","Canary","Canary_ID1_805_Lines.csv"
685.96,"Diameter",3,"ID1","Canary","Canary_ID1_805_Lines.csv"
926.59,"Diameter",4,"ID1","Canary","Canary_ID1_805_Lines.csv"
689.33,"Diameter",4,"ID1","Canary","Canary_ID1_805_Lines.csv"
848.24,"Diameter",5,"ID1","Canary","Canary_ID1_805_Lines.csv"
643.51,"Diameter",5,"ID1","Canary","Canary_ID1_805_Lines.csv"
1078.6,"Diameter",6,"ID1","Canary","Canary_ID1_805_Lines.csv"
601.17,"Diameter",6,"ID1","Canary","Canary_ID1_805_Lines.csv"
941.49,"Diameter",7,"ID1","Canary","Canary_ID1_805_Lines.csv"
652.69,"Diameter",7,"ID1","Canary","Canary_ID1_805_Lines.csv"
818.21,"Diameter",8,"ID1","Canary","Canary_ID1_805_Lines.csv"
726.2,"Diameter",8,"ID1","Canary","Canary_ID1_805_Lines.csv"
723.32,"Diameter",9,"ID1","Canary","Canary_ID1_805_Lines.csv"
904.37,"Diameter",9,"ID1","Canary","Canary_ID1_805_Lines.csv"
1002.69,"Diameter",10,"ID1","Canary","Canary_ID1_805_Lines.csv"
662.11,"Diameter",10,"ID1","Canary","Canary_ID1_805_Lines.csv"
768.02,"Diameter",11,"ID1","Canary","Canary_ID1_805_Lines.csv"
772.77,"Diameter",11,"ID1","Canary","Canary_ID1_805_Lines.csv"
861.69,"Diameter",12,"ID1","Canary","Canary_ID1_805_Lines.csv"
602.69,"Diameter",12,"ID1","Canary","Canary_ID1_805_Lines.csv"
929.74,"Diameter",13,"ID1","Canary","Canary_ID1_805_Lines.csv"
578.47,"Diameter",13,"ID1","Canary","Canary_ID1_805_Lines.csv"
727.62,"Diameter",1,"ID2","Canary","Canary_ID2_818_Lines.csv"
678.52,"Diameter",1,"ID2","Canary","Canary_ID2_818_Lines.csv"
906.61,"Diameter",2,"ID2","Canary","Canary_ID2_818_Lines.csv"
705.21,"Diameter",2,"ID2","Canary","Canary_ID2_818_Lines.csv"
768.08,"Diameter",3,"ID2","Canary","Canary_ID2_818_Lines.csv"
829.53,"Diameter",3,"ID2","Canary","Canary_ID2_818_Lines.csv"
1122.85,"Diameter",4,"ID2","Canary","Canary_ID2_818_Lines.csv"
725.13,"Diameter",4,"ID2","Canary","Canary_ID2_818_Lines.csv"
780.83,"Diameter",5,"ID2","Canary","Canary_ID2_818_Lines.csv"
690.33,"Diameter",5,"ID2","Canary","Canary_ID2_818_Lines.csv"
932.54,"Diameter",6,"ID2","Canary","Canary_ID2_818_Lines.csv"
679.24,"Diameter",6,"ID2","Canary","Canary_ID2_818_Lines.csv"
1332.98,"Diameter",7,"ID2","Canary","Canary_ID2_818_Lines.csv"
589.42,"Diameter",7,"ID2","Canary","Canary_ID2_818_Lines.csv"
812.76,"Diameter",8,"ID2","Canary","Canary_ID2_818_Lines.csv"
652.32,"Diameter",8,"ID2","Canary","Canary_ID2_818_Lines.csv"
1047.66,"Diameter",9,"ID2","Canary","Canary_ID2_818_Lines.csv"
668.16,"Diameter",9,"ID2","Canary","Canary_ID2_818_Lines.csv"
1274.59,"Diameter",10,"ID2","Canary","Canary_ID2_818_Lines.csv"
742.76,"Diameter",10,"ID2","Canary","Canary_ID2_818_Lines.csv"
1072.08,"Diameter",11,"ID2","Canary","Canary_ID2_818_Lines.csv"
724.4,"Diameter",11,"ID2","Canary","Canary_ID2_818_Lines.csv"
754.73,"Diameter",12,"ID2","Canary","Canary_ID2_818_Lines.csv"
717.73,"Diameter",12,"ID2","Canary","Canary_ID2_818_Lines.csv"
1121.33,"Diameter",13,"ID2","Canary","Canary_ID2_818_Lines.csv"
753.55,"Diameter",13,"ID2","Canary","Canary_ID2_818_Lines.csv"
763.86,"Diameter",1,"ID3","Canary","Canary_ID3_807_Lines.csv"
910.8,"Diameter",1,"ID3","Canary","Canary_ID3_807_Lines.csv"
846.8,"Diameter",2,"ID3","Canary","Canary_ID3_807_Lines.csv"
840.16,"Diameter",2,"ID3","Canary","Canary_ID3_807_Lines.csv"
868.27,"Diameter",3,"ID3","Canary","Canary_ID3_807_Lines.csv"
760.14,"Diameter",3,"ID3","Canary","Canary_ID3_807_Lines.csv"
872.47,"Diameter",4,"ID3","Canary","Canary_ID3_807_Lines.csv"
750.46,"Diameter",4,"ID3","Canary","Canary_ID3_807_Lines.csv"
1217.36,"Diameter",5,"ID3","Canary","Canary_ID3_807_Lines.csv"
820.64,"Diameter",5,"ID3","Canary","Canary_ID3_807_Lines.csv"
935.98,"Diameter",6,"ID3","Canary","Canary_ID3_807_Lines.csv"
952.74,"Diameter",6,"ID3","Canary","Canary_ID3_807_Lines.csv"
826.36,"Diameter",7,"ID3","Canary","Canary_ID3_807_Lines.csv"
590.82,"Diameter",7,"ID3","Canary","Canary_ID3_807_Lines.csv"
1010.9,"Diameter",8,"ID3","Canary","Canary_ID3_807_Lines.csv"
880.11,"Diameter",8,"ID3","Canary","Canary_ID3_807_Lines.csv"
914.9,"Diameter",9,"ID3","Canary","Canary_ID3_807_Lines.csv"
716.73,"Diameter",9,"ID3","Canary","Canary_ID3_807_Lines.csv"
1109.54,"Diameter",10,"ID3","Canary","Canary_ID3_807_Lines.csv"
798.59,"Diameter",10,"ID3","Canary","Canary_ID3_807_Lines.csv"
1324.88,"Diameter",11,"ID3","Canary","Canary_ID3_807_Lines.csv"
787.84,"Diameter",11,"ID3","Canary","Canary_ID3_807_Lines.csv"
907.55,"Diameter",12,"ID3","Canary","Canary_ID3_807_Lines.csv"
692.99,"Diameter",12,"ID3","Canary","Canary_ID3_807_Lines.csv"
969.91,"Diameter",13,"ID3","Canary","Canary_ID3_807_Lines.csv"
940.56,"Diameter",13,"ID3","Canary","Canary_ID3_807_Lines.csv"
1388.09,"Diameter",1,"ID4","Canary","Canary_ID4_817_Lines.csv"
725.12,"Diameter",1,"ID4","Canary","Canary_ID4_817_Lines.csv"
1107.29,"Diameter",2,"ID4","Canary","Canary_ID4_817_Lines.csv"
658.49,"Diameter",2,"ID4","Canary","Canary_ID4_817_Lines.csv"
1018.08,"Diameter",3,"ID4","Canary","Canary_ID4_817_Lines.csv"
731.63,"Diameter",3,"ID4","Canary","Canary_ID4_817_Lines.csv"
1159.71,"Diameter",4,"ID4","Canary","Canary_ID4_817_Lines.csv"
475.47,"Diameter",4,"ID4","Canary","Canary_ID4_817_Lines.csv"
933.72,"Diameter",5,"ID4","Canary","Canary_ID4_817_Lines.csv"
683.11,"Diameter",5,"ID4","Canary","Canary_ID4_817_Lines.csv"
1324.24,"Diameter",6,"ID4","Canary","Canary_ID4_817_Lines.csv"
618.24,"Diameter",6,"ID4","Canary","Canary_ID4_817_Lines.csv"
694.94,"Diameter",7,"ID4","Canary","Canary_ID4_817_Lines.csv"
645.56,"Diameter",7,"ID4","Canary","Canary_ID4_817_Lines.csv"
751.61,"Diameter",8,"ID4","Canary","Canary_ID4_817_Lines.csv"
536.73,"Diameter",8,"ID4","Canary","Canary_ID4_817_Lines.csv"
1103.88,"Diameter",9,"ID4","Canary","Canary_ID4_817_Lines.csv"
653.4,"Diameter",9,"ID4","Canary","Canary_ID4_817_Lines.csv"
906.08,"Diameter",10,"ID4","Canary","Canary_ID4_817_Lines.csv"
851.5,"Diameter",10,"ID4","Canary","Canary_ID4_817_Lines.csv"
1235.42,"Diameter",11,"ID4","Canary","Canary_ID4_817_Lines.csv"
742.54,"Diameter",11,"ID4","Canary","Canary_ID4_817_Lines.csv"
421.21,"Diameter",1,"16758","Crufica","Crufica_16758_16_Lines.csv"
399.62,"Diameter",1,"16758","Crufica","Crufica_16758_16_Lines.csv"
446.16,"Diameter",2,"16758","Crufica","Crufica_16758_16_Lines.csv"
350.64,"Diameter",2,"16758","Crufica","Crufica_16758_16_Lines.csv"
411.32,"Diameter",3,"16758","Crufica","Crufica_16758_16_Lines.csv"
316.19,"Diameter",3,"16758","Crufica","Crufica_16758_16_Lines.csv"
401.01,"Diameter",4,"16758","Crufica","Crufica_16758_16_Lines.csv"
299.31,"Diameter",4,"16758","Crufica","Crufica_16758_16_Lines.csv"
395.4,"Diameter",5,"16758","Crufica","Crufica_16758_16_Lines.csv"
296.43,"Diameter",5,"16758","Crufica","Crufica_16758_16_Lines.csv"
390.84,"Diameter",6,"16758","Crufica","Crufica_16758_16_Lines.csv"
398.89,"Diameter",6,"16758","Crufica","Crufica_16758_16_Lines.csv"
434.73,"Diameter",7,"16758","Crufica","Crufica_16758_16_Lines.csv"
391.59,"Diameter",7,"16758","Crufica","Crufica_16758_16_Lines.csv"
473.52,"Diameter",8,"16758","Crufica","Crufica_16758_16_Lines.csv"
424.41,"Diameter",8,"16758","Crufica","Crufica_16758_16_Lines.csv"
457.16,"Diameter",9,"16758","Crufica","Crufica_16758_16_Lines.csv"
357.38,"Diameter",9,"16758","Crufica","Crufica_16758_16_Lines.csv"
387.36,"Diameter",10,"16758","Crufica","Crufica_16758_16_Lines.csv"
320.69,"Diameter",10,"16758","Crufica","Crufica_16758_16_Lines.csv"
407.88,"Diameter",11,"16758","Crufica","Crufica_16758_16_Lines.csv"
335.16,"Diameter",11,"16758","Crufica","Crufica_16758_16_Lines.csv"
454.61,"Diameter",12,"16758","Crufica","Crufica_16758_16_Lines.csv"
332.88,"Diameter",12,"16758","Crufica","Crufica_16758_16_Lines.csv"
424.22,"Diameter",1,"ID5","Crufica","Crufica_ID5_11_Lines.csv"
312.65,"Diameter",1,"ID5","Crufica","Crufica_ID5_11_Lines.csv"
514.89,"Diameter",2,"ID5","Crufica","Crufica_ID5_11_Lines.csv"
331.07,"Diameter",2,"ID5","Crufica","Crufica_ID5_11_Lines.csv"
400.84,"Diameter",3,"ID5","Crufica","Crufica_ID5_11_Lines.csv"
395.4,"Diameter",3,"ID5","Crufica","Crufica_ID5_11_Lines.csv"
442.62,"Diameter",4,"ID5","Crufica","Crufica_ID5_11_Lines.csv"
303.11,"Diameter",4,"ID5","Crufica","Crufica_ID5_11_Lines.csv"
533.16,"Diameter",5,"ID5","Crufica","Crufica_ID5_11_Lines.csv"
351.9,"Diameter",5,"ID5","Crufica","Crufica_ID5_11_Lines.csv"
516.38,"Diameter",6,"ID5","Crufica","Crufica_ID5_11_Lines.csv"
403.32,"Diameter",6,"ID5","Crufica","Crufica_ID5_11_Lines.csv"
460.02,"Diameter",7,"ID5","Crufica","Crufica_ID5_11_Lines.csv"
342.65,"Diameter",7,"ID5","Crufica","Crufica_ID5_11_Lines.csv"
488.96,"Diameter",8,"ID5","Crufica","Crufica_ID5_11_Lines.csv"
354.82,"Diameter",8,"ID5","Crufica","Crufica_ID5_11_Lines.csv"
413.79,"Diameter",9,"ID5","Crufica","Crufica_ID5_11_Lines.csv"
355.57,"Diameter",9,"ID5","Crufica","Crufica_ID5_11_Lines.csv"
457.8,"Diameter",10,"ID5","Crufica","Crufica_ID5_11_Lines.csv"
306.08,"Diameter",10,"ID5","Crufica","Crufica_ID5_11_Lines.csv"
494.49,"Diameter",11,"ID5","Crufica","Crufica_ID5_11_Lines.csv"
444.89,"Diameter",11,"ID5","Crufica","Crufica_ID5_11_Lines.csv"
433.99,"Diameter",12,"ID5","Crufica","Crufica_ID5_11_Lines.csv"
295.73,"Diameter",12,"ID5","Crufica","Crufica_ID5_11_Lines.csv"
398.69,"Diameter",13,"ID5","Crufica","Crufica_ID5_11_Lines.csv"
330.5,"Diameter",13,"ID5","Crufica","Crufica_ID5_11_Lines.csv"
451.75,"Diameter",14,"ID5","Crufica","Crufica_ID5_11_Lines.csv"
339.18,"Diameter",14,"ID5","Crufica","Crufica_ID5_11_Lines.csv"
300.09,"Diameter",1,"ID6","Crufica","Crufica_ID6_12_Lines.csv"
385.5,"Diameter",1,"ID6","Crufica","Crufica_ID6_12_Lines.csv"
441.65,"Diameter",2,"ID6","Crufica","Crufica_ID6_12_Lines.csv"
333.22,"Diameter",2,"ID6","Crufica","Crufica_ID6_12_Lines.csv"
500.81,"Diameter",3,"ID6","Crufica","Crufica_ID6_12_Lines.csv"
356.7,"Diameter",3,"ID6","Crufica","Crufica_ID6_12_Lines.csv"
403.68,"Diameter",4,"ID6","Crufica","Crufica_ID6_12_Lines.csv"
288.02,"Diameter",4,"ID6","Crufica","Crufica_ID6_12_Lines.csv"
399.99,"Diameter",5,"ID6","Crufica","Crufica_ID6_12_Lines.csv"
265.28,"Diameter",5,"ID6","Crufica","Crufica_ID6_12_Lines.csv"
416.99,"Diameter",6,"ID6","Crufica","Crufica_ID6_12_Lines.csv"
283.37,"Diameter",6,"ID6","Crufica","Crufica_ID6_12_Lines.csv"
428.01,"Diameter",7,"ID6","Crufica","Crufica_ID6_12_Lines.csv"
276.69,"Diameter",7,"ID6","Crufica","Crufica_ID6_12_Lines.csv"
402.78,"Diameter",8,"ID6","Crufica","Crufica_ID6_12_Lines.csv"
311.91,"Diameter",8,"ID6","Crufica","Crufica_ID6_12_Lines.csv"
347.94,"Diameter",9,"ID6","Crufica","Crufica_ID6_12_Lines.csv"
343.3,"Diameter",9,"ID6","Crufica","Crufica_ID6_12_Lines.csv"
443.3,"Diameter",10,"ID6","Crufica","Crufica_ID6_12_Lines.csv"
340.5,"Diameter",10,"ID6","Crufica","Crufica_ID6_12_Lines.csv"
377.81,"Diameter",11,"ID6","Crufica","Crufica_ID6_12_Lines.csv"
282.39,"Diameter",11,"ID6","Crufica","Crufica_ID6_12_Lines.csv"
372.85,"Diameter",12,"ID6","Crufica","Crufica_ID6_12_Lines.csv"
353.02,"Diameter",12,"ID6","Crufica","Crufica_ID6_12_Lines.csv"
516.59,"Diameter",1,"ID7","Crufica","Crufica_ID7_13_Lines.csv"
336.6,"Diameter",1,"ID7","Crufica","Crufica_ID7_13_Lines.csv"
432.54,"Diameter",2,"ID7","Crufica","Crufica_ID7_13_Lines.csv"
292.34,"Diameter",2,"ID7","Crufica","Crufica_ID7_13_Lines.csv"
471.56,"Diameter",3,"ID7","Crufica","Crufica_ID7_13_Lines.csv"
280.3,"Diameter",3,"ID7","Crufica","Crufica_ID7_13_Lines.csv"
401.69,"Diameter",4,"ID7","Crufica","Crufica_ID7_13_Lines.csv"
337.15,"Diameter",4,"ID7","Crufica","Crufica_ID7_13_Lines.csv"
459.45,"Diameter",5,"ID7","Crufica","Crufica_ID7_13_Lines.csv"
292.59,"Diameter",5,"ID7","Crufica","Crufica_ID7_13_Lines.csv"
426.94,"Diameter",6,"ID7","Crufica","Crufica_ID7_13_Lines.csv"
352.39,"Diameter",6,"ID7","Crufica","Crufica_ID7_13_Lines.csv"
480.17,"Diameter",7,"ID7","Crufica","Crufica_ID7_13_Lines.csv"
346.86,"Diameter",7,"ID7","Crufica","Crufica_ID7_13_Lines.csv"
338.72,"Diameter",8,"ID7","Crufica","Crufica_ID7_13_Lines.csv"
464.05,"Diameter",8,"ID7","Crufica","Crufica_ID7_13_Lines.csv"
331.93,"Diameter",9,"ID7","Crufica","Crufica_ID7_13_Lines.csv"
333.82,"Diameter",9,"ID7","Crufica","Crufica_ID7_13_Lines.csv"
419.09,"Diameter",10,"ID7","Crufica","Crufica_ID7_13_Lines.csv"
340.54,"Diameter",10,"ID7","Crufica","Crufica_ID7_13_Lines.csv"
464.11,"Diameter",11,"ID7","Crufica","Crufica_ID7_13_Lines.csv"
327.39,"Diameter",11,"ID7","Crufica","Crufica_ID7_13_Lines.csv"
380.67,"Diameter",12,"ID7","Crufica","Crufica_ID7_13_Lines.csv"
264.51,"Diameter",12,"ID7","Crufica","Crufica_ID7_13_Lines.csv"
400.11,"Diameter",13,"ID7","Crufica","Crufica_ID7_13_Lines.csv"
304.89,"Diameter",13,"ID7","Crufica","Crufica_ID7_13_Lines.csv"
143.47,"Diameter",1,"Unknown","Falke","Falke_Unknown_Unknown_Lines.csv"
204.57,"Diameter",1,"Unknown","Falke","Falke_Unknown_Unknown_Lines.csv"
221.44,"Diameter",2,"Unknown","Falke","Falke_Unknown_Unknown_Lines.csv"
121.72,"Diameter",2,"Unknown","Falke","Falke_Unknown_Unknown_Lines.csv"
197.83,"Diameter",3,"Unknown","Falke","Falke_Unknown_Unknown_Lines.csv"
126.06,"Diameter",3,"Unknown","Falke","Falke_Unknown_Unknown_Lines.csv"
173.13,"Diameter",4,"Unknown","Falke","Falke_Unknown_Unknown_Lines.csv"
141.79,"Diameter",4,"Unknown","Falke","Falke_Unknown_Unknown_Lines.csv"
190.29,"Diameter",5,"Unknown","Falke","Falke_Unknown_Unknown_Lines.csv"
160.8,"Diameter",5,"Unknown","Falke","Falke_Unknown_Unknown_Lines.csv"
247.28,"Diameter",6,"Unknown","Falke","Falke_Unknown_Unknown_Lines.csv"
170.62,"Diameter",6,"Unknown","Falke","Falke_Unknown_Unknown_Lines.csv"
198.36,"Diameter",7,"Unknown","Falke","Falke_Unknown_Unknown_Lines.csv"
195.76,"Diameter",7,"Unknown","Falke","Falke_Unknown_Unknown_Lines.csv"
165.02,"Diameter",8,"Unknown","Falke","Falke_Unknown_Unknown_Lines.csv"
155.07,"Diameter",8,"Unknown","Falke","Falke_Unknown_Unknown_Lines.csv"
174.54,"Diameter",9,"Unknown","Falke","Falke_Unknown_Unknown_Lines.csv"
132.57,"Diameter",9,"Unknown","Falke","Falke_Unknown_Unknown_Lines.csv"
265.03,"Diameter",10,"Unknown","Falke","Falke_Unknown_Unknown_Lines.csv"
157.26,"Diameter",10,"Unknown","Falke","Falke_Unknown_Unknown_Lines.csv"
220.68,"Diameter",11,"Unknown","Falke","Falke_Unknown_Unknown_Lines.csv"
182.58,"Diameter",11,"Unknown","Falke","Falke_Unknown_Unknown_Lines.csv"
144.11,"Diameter",12,"Unknown","Falke","Falke_Unknown_Unknown_Lines.csv"
108.51,"Diameter",12,"Unknown","Falke","Falke_Unknown_Unknown_Lines.csv"
183.26,"Diameter",13,"Unknown","Falke","Falke_Unknown_Unknown_Lines.csv"
141.98,"Diameter",13,"Unknown","Falke","Falke_Unknown_Unknown_Lines.csv"
328.48,"Diameter",14,"Unknown","Falke","Falke_Unknown_Unknown_Lines.csv"
177.4,"Diameter",14,"Unknown","Falke","Falke_Unknown_Unknown_Lines.csv"
173.53,"Diameter",15,"Unknown","Falke","Falke_Unknown_Unknown_Lines.csv"
136.09,"Diameter",15,"Unknown","Falke","Falke_Unknown_Unknown_Lines.csv"
223.52,"Diameter",16,"Unknown","Falke","Falke_Unknown_Unknown_Lines.csv"
144.26,"Diameter",16,"Unknown","Falke","Falke_Unknown_Unknown_Lines.csv"
235.87,"Diameter",17,"Unknown","Falke","Falke_Unknown_Unknown_Lines.csv"
138.61,"Diameter",17,"Unknown","Falke","Falke_Unknown_Unknown_Lines.csv"
204.89,"Diameter",18,"Unknown","Falke","Falke_Unknown_Unknown_Lines.csv"
152.16,"Diameter",18,"Unknown","Falke","Falke_Unknown_Unknown_Lines.csv"
145.16,"Diameter",19,"Unknown","Falke","Falke_Unknown_Unknown_Lines.csv"
114.92,"Diameter",19,"Unknown","Falke","Falke_Unknown_Unknown_Lines.csv"
187.97,"Diameter",20,"Unknown","Falke","Falke_Unknown_Unknown_Lines.csv"
110.67,"Diameter",20,"Unknown","Falke","Falke_Unknown_Unknown_Lines.csv"
234.12,"Diameter",21,"Unknown","Falke","Falke_Unknown_Unknown_Lines.csv"
146.7,"Diameter",21,"Unknown","Falke","Falke_Unknown_Unknown_Lines.csv"
189.23,"Diameter",22,"Unknown","Falke","Falke_Unknown_Unknown_Lines.csv"
174.55,"Diameter",22,"Unknown","Falke","Falke_Unknown_Unknown_Lines.csv"
192.72,"Diameter",23,"Unknown","Falke","Falke_Unknown_Unknown_Lines.csv"
148.78,"Diameter",23,"Unknown","Falke","Falke_Unknown_Unknown_Lines.csv"
285.22,"Diameter",24,"Unknown","Falke","Falke_Unknown_Unknown_Lines.csv"
170.53,"Diameter",24,"Unknown","Falke","Falke_Unknown_Unknown_Lines.csv"
201.11,"Diameter",25,"Unknown","Falke","Falke_Unknown_Unknown_Lines.csv"
152.45,"Diameter",25,"Unknown","Falke","Falke_Unknown_Unknown_Lines.csv"
183.35,"Diameter",26,"Unknown","Falke","Falke_Unknown_Unknown_Lines.csv"
137.86,"Diameter",26,"Unknown","Falke","Falke_Unknown_Unknown_Lines.csv"
171.66,"Diameter",27,"Unknown","Falke","Falke_Unknown_Unknown_Lines.csv"
132.13,"Diameter",27,"Unknown","Falke","Falke_Unknown_Unknown_Lines.csv"
234.67,"Diameter",28,"Unknown","Falke","Falke_Unknown_Unknown_Lines.csv"
172.37,"Diameter",28,"Unknown","Falke","Falke_Unknown_Unknown_Lines.csv"
233.11,"Diameter",29,"Unknown","Falke","Falke_Unknown_Unknown_Lines.csv"
151.14,"Diameter",29,"Unknown","Falke","Falke_Unknown_Unknown_Lines.csv"
196.31,"Diameter",30,"Unknown","Falke","Falke_Unknown_Unknown_Lines.csv"
148.87,"Diameter",30,"Unknown","Falke","Falke_Unknown_Unknown_Lines.csv"
276.93,"Diameter",31,"Unknown","Falke","Falke_Unknown_Unknown_Lines.csv"
145.08,"Diameter",31,"Unknown","Falke","Falke_Unknown_Unknown_Lines.csv"
209.73,"Diameter",32,"Unknown","Falke","Falke_Unknown_Unknown_Lines.csv"
128.52,"Diameter",32,"Unknown","Falke","Falke_Unknown_Unknown_Lines.csv"
182.78,"Diameter",33,"Unknown","Falke","Falke_Unknown_Unknown_Lines.csv"
119.55,"Diameter",33,"Unknown","Falke","Falke_Unknown_Unknown_Lines.csv"
179.03,"Diameter",34,"Unknown","Falke","Falke_Unknown_Unknown_Lines.csv"
141.02,"Diameter",34,"Unknown","Falke","Falke_Unknown_Unknown_Lines.csv"
233.98,"Diameter",35,"Unknown","Falke","Falke_Unknown_Unknown_Lines.csv"
163.26,"Diameter",35,"Unknown","Falke","Falke_Unknown_Unknown_Lines.csv"
158.89,"Diameter",36,"Unknown","Falke","Falke_Unknown_Unknown_Lines.csv"
145.59,"Diameter",36,"Unknown","Falke","Falke_Unknown_Unknown_Lines.csv"
153.79,"Diameter",37,"Unknown","Falke","Falke_Unknown_Unknown_Lines.csv"
139.27,"Diameter",37,"Unknown","Falke","Falke_Unknown_Unknown_Lines.csv"
132.97,"Diameter",38,"Unknown","Falke","Falke_Unknown_Unknown_Lines.csv"
137.33,"Diameter",38,"Unknown","Falke","Falke_Unknown_Unknown_Lines.csv"
152.44,"Diameter",39,"Unknown","Falke","Falke_Unknown_Unknown_Lines.csv"
132.41,"Diameter",39,"Unknown","Falke","Falke_Unknown_Unknown_Lines.csv"
153.96,"Diameter",40,"Unknown","Falke","Falke_Unknown_Unknown_Lines.csv"
117.74,"Diameter",40,"Unknown","Falke","Falke_Unknown_Unknown_Lines.csv"
163.04,"Diameter",41,"Unknown","Falke","Falke_Unknown_Unknown_Lines.csv"
148.03,"Diameter",41,"Unknown","Falke","Falke_Unknown_Unknown_Lines.csv"
205.46,"Diameter",42,"Unknown","Falke","Falke_Unknown_Unknown_Lines.csv"
122.21,"Diameter",42,"Unknown","Falke","Falke_Unknown_Unknown_Lines.csv"
200.83,"Diameter",43,"Unknown","Falke","Falke_Unknown_Unknown_Lines.csv"
171.22,"Diameter",43,"Unknown","Falke","Falke_Unknown_Unknown_Lines.csv"
221.37,"Diameter",44,"Unknown","Falke","Falke_Unknown_Unknown_Lines.csv"
150.08,"Diameter",44,"Unknown","Falke","Falke_Unknown_Unknown_Lines.csv"
178.06,"Diameter",45,"Unknown","Falke","Falke_Unknown_Unknown_Lines.csv"
165.22,"Diameter",45,"Unknown","Falke","Falke_Unknown_Unknown_Lines.csv"
154.37,"Diameter",46,"Unknown","Falke","Falke_Unknown_Unknown_Lines.csv"
159.45,"Diameter",46,"Unknown","Falke","Falke_Unknown_Unknown_Lines.csv"
156.76,"Diameter",47,"Unknown","Falke","Falke_Unknown_Unknown_Lines.csv"
147.64,"Diameter",47,"Unknown","Falke","Falke_Unknown_Unknown_Lines.csv"
159.48,"Diameter",48,"Unknown","Falke","Falke_Unknown_Unknown_Lines.csv"
135.83,"Diameter",48,"Unknown","Falke","Falke_Unknown_Unknown_Lines.csv"
169.95,"Diameter",49,"Unknown","Falke","Falke_Unknown_Unknown_Lines.csv"
136.31,"Diameter",49,"Unknown","Falke","Falke_Unknown_Unknown_Lines.csv"
191.96,"Diameter",50,"Unknown","Falke","Falke_Unknown_Unknown_Lines.csv"
147.35,"Diameter",50,"Unknown","Falke","Falke_Unknown_Unknown_Lines.csv"
218.51,"Diameter",1,"ID8","Gimpel","Gimpel_ID8_Unknown_Lines.csv"
217.54,"Diameter",1,"ID8","Gimpel","Gimpel_ID8_Unknown_Lines.csv"
254.01,"Diameter",2,"ID8","Gimpel","Gimpel_ID8_Unknown_Lines.csv"
187.49,"Diameter",2,"ID8","Gimpel","Gimpel_ID8_Unknown_Lines.csv"
214.48,"Diameter",3,"ID8","Gimpel","Gimpel_ID8_Unknown_Lines.csv"
210.53,"Diameter",3,"ID8","Gimpel","Gimpel_ID8_Unknown_Lines.csv"
296.97,"Diameter",4,"ID8","Gimpel","Gimpel_ID8_Unknown_Lines.csv"
218.27,"Diameter",4,"ID8","Gimpel","Gimpel_ID8_Unknown_Lines.csv"
295.34,"Diameter",5,"ID8","Gimpel","Gimpel_ID8_Unknown_Lines.csv"
253.56,"Diameter",5,"ID8","Gimpel","Gimpel_ID8_Unknown_Lines.csv"
228.59,"Diameter",6,"ID8","Gimpel","Gimpel_ID8_Unknown_Lines.csv"
219.99,"Diameter",6,"ID8","Gimpel","Gimpel_ID8_Unknown_Lines.csv"
281.2,"Diameter",7,"ID8","Gimpel","Gimpel_ID8_Unknown_Lines.csv"
176.79,"Diameter",7,"ID8","Gimpel","Gimpel_ID8_Unknown_Lines.csv"
307.34,"Diameter",8,"ID8","Gimpel","Gimpel_ID8_Unknown_Lines.csv"
234.1,"Diameter",8,"ID8","Gimpel","Gimpel_ID8_Unknown_Lines.csv"
247.51,"Diameter",9,"ID8","Gimpel","Gimpel_ID8_Unknown_Lines.csv"
165.13,"Diameter",9,"ID8","Gimpel","Gimpel_ID8_Unknown_Lines.csv"
312.53,"Diameter",10,"ID8","Gimpel","Gimpel_ID8_Unknown_Lines.csv"
235.99,"Diameter",10,"ID8","Gimpel","Gimpel_ID8_Unknown_Lines.csv"
272.38,"Diameter",11,"ID8","Gimpel","Gimpel_ID8_Unknown_Lines.csv"
219.15,"Diameter",11,"ID8","Gimpel","Gimpel_ID8_Unknown_Lines.csv"
261.1,"Diameter",12,"ID8","Gimpel","Gimpel_ID8_Unknown_Lines.csv"
221.21,"Diameter",12,"ID8","Gimpel","Gimpel_ID8_Unknown_Lines.csv"
234.56,"Diameter",13,"ID8","Gimpel","Gimpel_ID8_Unknown_Lines.csv"
220.16,"Diameter",13,"ID8","Gimpel","Gimpel_ID8_Unknown_Lines.csv"
246.12,"Diameter",14,"ID8","Gimpel","Gimpel_ID8_Unknown_Lines.csv"
228.64,"Diameter",14,"ID8","Gimpel","Gimpel_ID8_Unknown_Lines.csv"
311.57,"Diameter",15,"ID8","Gimpel","Gimpel_ID8_Unknown_Lines.csv"
206.62,"Diameter",15,"ID8","Gimpel","Gimpel_ID8_Unknown_Lines.csv"
268.77,"Diameter",16,"ID8","Gimpel","Gimpel_ID8_Unknown_Lines.csv"
225.55,"Diameter",16,"ID8","Gimpel","Gimpel_ID8_Unknown_Lines.csv"
382.67,"Diameter",17,"ID8","Gimpel","Gimpel_ID8_Unknown_Lines.csv"
203.58,"Diameter",17,"ID8","Gimpel","Gimpel_ID8_Unknown_Lines.csv"
216.23,"Diameter",18,"ID8","Gimpel","Gimpel_ID8_Unknown_Lines.csv"
208.74,"Diameter",18,"ID8","Gimpel","Gimpel_ID8_Unknown_Lines.csv"
243.19,"Diameter",19,"ID8","Gimpel","Gimpel_ID8_Unknown_Lines.csv"
192.17,"Diameter",19,"ID8","Gimpel","Gimpel_ID8_Unknown_Lines.csv"
404.11,"Diameter",20,"ID8","Gimpel","Gimpel_ID8_Unknown_Lines.csv"
170,"Diameter",20,"ID8","Gimpel","Gimpel_ID8_Unknown_Lines.csv"
310.74,"Diameter",21,"ID8","Gimpel","Gimpel_ID8_Unknown_Lines.csv"
244.71,"Diameter",21,"ID8","Gimpel","Gimpel_ID8_Unknown_Lines.csv"
285.01,"Diameter",22,"ID8","Gimpel","Gimpel_ID8_Unknown_Lines.csv"
196.72,"Diameter",22,"ID8","Gimpel","Gimpel_ID8_Unknown_Lines.csv"
244.91,"Diameter",23,"ID8","Gimpel","Gimpel_ID8_Unknown_Lines.csv"
294.07,"Diameter",23,"ID8","Gimpel","Gimpel_ID8_Unknown_Lines.csv"
299.36,"Diameter",24,"ID8","Gimpel","Gimpel_ID8_Unknown_Lines.csv"
149.88,"Diameter",24,"ID8","Gimpel","Gimpel_ID8_Unknown_Lines.csv"
408.97,"Diameter",1,"ID10","Mbonari","Mbonari_ID10_16748_Lines.csv"
271.31,"Diameter",1,"ID10","Mbonari","Mbonari_ID10_16748_Lines.csv"
374.4,"Diameter",2,"ID10","Mbonari","Mbonari_ID10_16748_Lines.csv"
341.16,"Diameter",2,"ID10","Mbonari","Mbonari_ID10_16748_Lines.csv"
453.07,"Diameter",3,"ID10","Mbonari","Mbonari_ID10_16748_Lines.csv"
326.78,"Diameter",3,"ID10","Mbonari","Mbonari_ID10_16748_Lines.csv"
466.15,"Diameter",4,"ID10","Mbonari","Mbonari_ID10_16748_Lines.csv"
360.33,"Diameter",4,"ID10","Mbonari","Mbonari_ID10_16748_Lines.csv"
407.94,"Diameter",5,"ID10","Mbonari","Mbonari_ID10_16748_Lines.csv"
370.28,"Diameter",5,"ID10","Mbonari","Mbonari_ID10_16748_Lines.csv"
518.25,"Diameter",6,"ID10","Mbonari","Mbonari_ID10_16748_Lines.csv"
318.47,"Diameter",6,"ID10","Mbonari","Mbonari_ID10_16748_Lines.csv"
487.74,"Diameter",7,"ID10","Mbonari","Mbonari_ID10_16748_Lines.csv"
272.99,"Diameter",7,"ID10","Mbonari","Mbonari_ID10_16748_Lines.csv"
322.41,"Diameter",8,"ID10","Mbonari","Mbonari_ID10_16748_Lines.csv"
321.94,"Diameter",8,"ID10","Mbonari","Mbonari_ID10_16748_Lines.csv"
329.17,"Diameter",9,"ID10","Mbonari","Mbonari_ID10_16748_Lines.csv"
381.57,"Diameter",9,"ID10","Mbonari","Mbonari_ID10_16748_Lines.csv"
298.92,"Diameter",1,"ID11","Mbonari","Mbonari_ID11_16756_Lines.csv"
289.15,"Diameter",1,"ID11","Mbonari","Mbonari_ID11_16756_Lines.csv"
259.53,"Diameter",2,"ID11","Mbonari","Mbonari_ID11_16756_Lines.csv"
259.9,"Diameter",2,"ID11","Mbonari","Mbonari_ID11_16756_Lines.csv"
408.85,"Diameter",3,"ID11","Mbonari","Mbonari_ID11_16756_Lines.csv"
247.02,"Diameter",3,"ID11","Mbonari","Mbonari_ID11_16756_Lines.csv"
326.12,"Diameter",4,"ID11","Mbonari","Mbonari_ID11_16756_Lines.csv"
306.75,"Diameter",4,"ID11","Mbonari","Mbonari_ID11_16756_Lines.csv"
397.68,"Diameter",5,"ID11","Mbonari","Mbonari_ID11_16756_Lines.csv"
279.77,"Diameter",5,"ID11","Mbonari","Mbonari_ID11_16756_Lines.csv"
384.89,"Diameter",6,"ID11","Mbonari","Mbonari_ID11_16756_Lines.csv"
257.21,"Diameter",6,"ID11","Mbonari","Mbonari_ID11_16756_Lines.csv"
362.48,"Diameter",7,"ID11","Mbonari","Mbonari_ID11_16756_Lines.csv"
215.69,"Diameter",7,"ID11","Mbonari","Mbonari_ID11_16756_Lines.csv"
323.25,"Diameter",8,"ID11","Mbonari","Mbonari_ID11_16756_Lines.csv"
189.95,"Diameter",8,"ID11","Mbonari","Mbonari_ID11_16756_Lines.csv"
356.97,"Diameter",9,"ID11","Mbonari","Mbonari_ID11_16756_Lines.csv"
279.54,"Diameter",9,"ID11","Mbonari","Mbonari_ID11_16756_Lines.csv"
310.38,"Diameter",10,"ID11","Mbonari","Mbonari_ID11_16756_Lines.csv"
254.97,"Diameter",10,"ID11","Mbonari","Mbonari_ID11_16756_Lines.csv"
332.41,"Diameter",11,"ID11","Mbonari","Mbonari_ID11_16756_Lines.csv"
243.4,"Diameter",11,"ID11","Mbonari","Mbonari_ID11_16756_Lines.csv"
332.86,"Diameter",12,"ID11","Mbonari","Mbonari_ID11_16756_Lines.csv"
228.59,"Diameter",12,"ID11","Mbonari","Mbonari_ID11_16756_Lines.csv"
284.01,"Diameter",13,"ID11","Mbonari","Mbonari_ID11_16756_Lines.csv"
275.79,"Diameter",13,"ID11","Mbonari","Mbonari_ID11_16756_Lines.csv"
424.79,"Diameter",1,"ID9","Mbonari","Mbonari_ID9_16747_Lines.csv"
322.92,"Diameter",1,"ID9","Mbonari","Mbonari_ID9_16747_Lines.csv"
377.03,"Diameter",2,"ID9","Mbonari","Mbonari_ID9_16747_Lines.csv"
239.87,"Diameter",2,"ID9","Mbonari","Mbonari_ID9_16747_Lines.csv"
389.18,"Diameter",3,"ID9","Mbonari","Mbonari_ID9_16747_Lines.csv"
262,"Diameter",3,"ID9","Mbonari","Mbonari_ID9_16747_Lines.csv"
387.95,"Diameter",4,"ID9","Mbonari","Mbonari_ID9_16747_Lines.csv"
312.69,"Diameter",4,"ID9","Mbonari","Mbonari_ID9_16747_Lines.csv"
348.62,"Diameter",5,"ID9","Mbonari","Mbonari_ID9_16747_Lines.csv"
261.71,"Diameter",5,"ID9","Mbonari","Mbonari_ID9_16747_Lines.csv"
352.95,"Diameter",6,"ID9","Mbonari","Mbonari_ID9_16747_Lines.csv"
327.46,"Diameter",6,"ID9","Mbonari","Mbonari_ID9_16747_Lines.csv"
328.86,"Diameter",7,"ID9","Mbonari","Mbonari_ID9_16747_Lines.csv"
396.99,"Diameter",7,"ID9","Mbonari","Mbonari_ID9_16747_Lines.csv"
351.05,"Diameter",8,"ID9","Mbonari","Mbonari_ID9_16747_Lines.csv"
210.3,"Diameter",8,"ID9","Mbonari","Mbonari_ID9_16747_Lines.csv"
415.83,"Diameter",9,"ID9","Mbonari","Mbonari_ID9_16747_Lines.csv"
198.45,"Diameter",9,"ID9","Mbonari","Mbonari_ID9_16747_Lines.csv"
428.4,"Diameter",10,"ID9","Mbonari","Mbonari_ID9_16747_Lines.csv"
287.7,"Diameter",10,"ID9","Mbonari","Mbonari_ID9_16747_Lines.csv"
355.66,"Diameter",11,"ID9","Mbonari","Mbonari_ID9_16747_Lines.csv"
291.02,"Diameter",11,"ID9","Mbonari","Mbonari_ID9_16747_Lines.csv"
427.69,"Diameter",12,"ID9","Mbonari","Mbonari_ID9_16747_Lines.csv"
284.69,"Diameter",12,"ID9","Mbonari","Mbonari_ID9_16747_Lines.csv"
337.45,"Diameter",1,"ID12","ZF","ZF_ID12_717_Lines.csv"
266.11,"Diameter",1,"ID12","ZF","ZF_ID12_717_Lines.csv"
343.86,"Diameter",2,"ID12","ZF","ZF_ID12_717_Lines.csv"
355.58,"Diameter",2,"ID12","ZF","ZF_ID12_717_Lines.csv"
259.39,"Diameter",3,"ID12","ZF","ZF_ID12_717_Lines.csv"
272.74,"Diameter",3,"ID12","ZF","ZF_ID12_717_Lines.csv"
564.07,"Diameter",4,"ID12","ZF","ZF_ID12_717_Lines.csv"
426.59,"Diameter",4,"ID12","ZF","ZF_ID12_717_Lines.csv"
346.27,"Diameter",5,"ID12","ZF","ZF_ID12_717_Lines.csv"
335.89,"Diameter",5,"ID12","ZF","ZF_ID12_717_Lines.csv"
406.71,"Diameter",6,"ID12","ZF","ZF_ID12_717_Lines.csv"
275.53,"Diameter",6,"ID12","ZF","ZF_ID12_717_Lines.csv"
320.81,"Diameter",7,"ID12","ZF","ZF_ID12_717_Lines.csv"
402.81,"Diameter",7,"ID12","ZF","ZF_ID12_717_Lines.csv"
405.43,"Diameter",8,"ID12","ZF","ZF_ID12_717_Lines.csv"
327.83,"Diameter",8,"ID12","ZF","ZF_ID12_717_Lines.csv"
599.3,"Diameter",9,"ID12","ZF","ZF_ID12_717_Lines.csv"
364.33,"Diameter",9,"ID12","ZF","ZF_ID12_717_Lines.csv"
448.01,"Diameter",10,"ID12","ZF","ZF_ID12_717_Lines.csv"
211.93,"Diameter",10,"ID12","ZF","ZF_ID12_717_Lines.csv"
512.95,"Diameter",11,"ID12","ZF","ZF_ID12_717_Lines.csv"
274.32,"Diameter",11,"ID12","ZF","ZF_ID12_717_Lines.csv"
339.87,"Diameter",12,"ID12","ZF","ZF_ID12_717_Lines.csv"
451.36,"Diameter",12,"ID12","ZF","ZF_ID12_717_Lines.csv"
596.96,"Diameter",1,"ID12","ZF","ZF_ID12_718_Lines.csv"
389.88,"Diameter",1,"ID12","ZF","ZF_ID12_718_Lines.csv"
428.08,"Diameter",2,"ID12","ZF","ZF_ID12_718_Lines.csv"
285.56,"Diameter",2,"ID12","ZF","ZF_ID12_718_Lines.csv"
380.73,"Diameter",3,"ID12","ZF","ZF_ID12_718_Lines.csv"
297.84,"Diameter",3,"ID12","ZF","ZF_ID12_718_Lines.csv"
446.21,"Diameter",4,"ID12","ZF","ZF_ID12_718_Lines.csv"
300.1,"Diameter",4,"ID12","ZF","ZF_ID12_718_Lines.csv"
354.29,"Diameter",5,"ID12","ZF","ZF_ID12_718_Lines.csv"
248.16,"Diameter",5,"ID12","ZF","ZF_ID12_718_Lines.csv"
424.71,"Diameter",6,"ID12","ZF","ZF_ID12_718_Lines.csv"
314.2,"Diameter",6,"ID12","ZF","ZF_ID12_718_Lines.csv"
473.22,"Diameter",7,"ID12","ZF","ZF_ID12_718_Lines.csv"
292.92,"Diameter",7,"ID12","ZF","ZF_ID12_718_Lines.csv"
617.84,"Diameter",8,"ID12","ZF","ZF_ID12_718_Lines.csv"
355.14,"Diameter",8,"ID12","ZF","ZF_ID12_718_Lines.csv"
501.49,"Diameter",9,"ID12","ZF","ZF_ID12_718_Lines.csv"
269.46,"Diameter",9,"ID12","ZF","ZF_ID12_718_Lines.csv"
384.97,"Diameter",10,"ID12","ZF","ZF_ID12_718_Lines.csv"
138.74,"Diameter",10,"ID12","ZF","ZF_ID12_718_Lines.csv"
482.8,"Diameter",11,"ID12","ZF","ZF_ID12_718_Lines.csv"
297.88,"Diameter",11,"ID12","ZF","ZF_ID12_718_Lines.csv"
364.98,"Diameter",12,"ID12","ZF","ZF_ID12_718_Lines.csv"
326.25,"Diameter",12,"ID12","ZF","ZF_ID12_718_Lines.csv"